"GUITARTYPE","ID","INFO","NAME"
"2","1639828297962","1","name"
"guitarType","1639985413773","info","name"
"2","1640006696222","1","name"
"guitarType","1640006696385","info","name"
"guitarTypeJar","1640009646940","infoJar","nameJar"
"guitarTypeJar","1640077613391","infoJar","nameJar"
"2","1640078139926","1","name"
"guitarType","1640078140299","info","name"
"2","1640089468028","1","name"
"guitarType","1640089520218","info","name"
"guitarTypeJar","1640108704303","infoJar","nameJar"
"guitarTypeJar","1640110346228","infoJar","nameJar"
"2","1640325358230","1","name"
